URL,Title,Location,Price,District,Area,Bedrooms,Bathrooms,Budget_Category,Total_Rooms,Price_per_m²
https://aqarmap.com.eg/en/listing/6879964-for-rent-cairo-new-cairo-compounds-lakeview-residence/,Apartment for rent in lake view residence in Lake View Residence - El Hazek . Aqarmap,New Cairo - 5th Settlemet,70000.0,Lake View Residence - El Hazek,142,2,2,Luxury,4,492.96
https://aqarmap.com.eg/en/listing/6878780-for-rent-cairo-new-cairo-el-ahyaa-fifth-neighborhood-street-21/,Apartment For rent in Street 21 in Street 21 . Aqarmap,New Cairo - 5th Settlemet,30000.0,Street 21,300,4,3,Luxury,7,100.0
https://aqarmap.com.eg/en/listing/6878233-for-rent-cairo-new-cairo-compounds-lakeview-residence/,Apartment View Lake 3BR for rent in lake view residence in Lake View Residence - El Hazek . Aqarmap,New Cairo - 5th Settlemet,80000.0,Lake View Residence - El Hazek,210,3,2,Luxury,5,380.95
https://aqarmap.com.eg/en/listing/6877958-for-rent-cairo-new-cairo-el-narges-el-narges-3-abd-el-rahman-ouda-st/,سكني For rent in Abd El Rahman Ouda St. in Abd El Rahman Ouda St. . Aqarmap,New Cairo - 5th Settlemet,50000.0,Abd El Rahman Ouda St.,220,3,2,Luxury,5,227.27
https://aqarmap.com.eg/en/listing/6753607-for-rent-cairo-new-cairo-el-lotus-lotus-north-lmntq-lthny-llwts-lshmly/,دوبليكس للإيجار باللوتس الشماليه على90 وخطوات لمحور النصر ونادى بلاتينيوم in The Second Area - Lotus North . Aqarmap,New Cairo - 5th Settlemet,25000.0,The Second Area - Lotus North,256,4,4,Luxury,8,97.66
https://aqarmap.com.eg/en/listing/6875352-for-rent-cairo-new-cairo-llwts-ljdyd/,Apartment For rent in New Lotus in New Lotus . Aqarmap,New Cairo - 5th Settlemet,16000.0,New Lotus,150,3,2,Luxury,5,106.67
https://aqarmap.com.eg/en/listing/6646079-for-rent-cairo-el-sheikh-zayed-city-compounds-hadayek-el-mohandiseen/,Apartment For rent in Hadayek El Mohandiseen in Hadayek El Mohandiseen . Aqarmap,El Sheikh Zayed,20000.0,Hadayek El Mohandiseen,130,3,2,Luxury,5,153.85
https://aqarmap.com.eg/en/listing/6879870-for-rent-cairo-new-cairo-compounds-eastown-eastown-parks/,Apartment for rent in Sodic Eastown in Eastown Parks - Eastown Compound . Aqarmap,New Cairo - 5th Settlemet,70000.0,Eastown Parks - Eastown Compound,140,2,3,Luxury,5,500.0
https://aqarmap.com.eg/en/listing/6878526-for-rent-cairo-new-cairo-compounds-blm-hylz-nyw-kyrw/,Apartment For rent in Palm Hills New Cairo - PHNC in Palm Hills New Cairo - PHNC . Aqarmap,New Cairo - 5th Settlemet,40000.0,Palm Hills New Cairo - PHNC,185,3,3,Luxury,6,216.22
https://aqarmap.com.eg/en/listing/6874412-for-rent-cairo-new-cairo-compounds-cairo-festival-city-auraa-cairo-festival-city/,Hotel furnished Apartment & garden for rent in CFC in Aura - Cairo Festival City Compound . Aqarmap,New Cairo - 5th Settlemet,95000.0,Aura - Cairo Festival City Compound,160,2,4,Luxury,6,593.75
https://aqarmap.com.eg/en/listing/6655877-for-rent-cairo-el-sheikh-zayed-city-compounds-hadayek-el-mohandiseen/,Apartment For rent in Hadayek El Mohandiseen in Hadayek El Mohandiseen . Aqarmap,El Sheikh Zayed,20000.0,Hadayek El Mohandiseen,130,3,2,Luxury,5,153.85
https://aqarmap.com.eg/en/listing/6879914-for-rent-cairo-new-cairo-compounds-eastown-eastown-parks/,Apartment for rent in sodic Eastown compound in Eastown Parks - Eastown Compound . Aqarmap,New Cairo - 5th Settlemet,115000.0,Eastown Parks - Eastown Compound,210,3,3,Luxury,6,547.62
https://aqarmap.com.eg/en/listing/6878762-for-rent-cairo-new-cairo-compounds-the-address-east/,Apartment For rent in The Address East Compound - Dorra in The Address East Compound - Dorra . Aqarmap,New Cairo - 5th Settlemet,25000.0,The Address East Compound - Dorra,171,3,2,Luxury,5,146.2
https://aqarmap.com.eg/en/listing/6879831-for-rent-cairo-new-cairo-compounds-mivida-mivida-parcel/,Apartment for rent in Mivida Compound in Mivida Parcel . Aqarmap,New Cairo - 5th Settlemet,90000.0,Mivida Parcel,187,3,3,Luxury,6,481.28
https://aqarmap.com.eg/en/listing/6648884-for-rent-cairo-new-cairo-compounds-mwntn-fyw-y-syty-club-park-mountain-view-icity/,Apartment For rent in Club Park - Mountain View iCity Compound in Club Park - Mountain View iCity Compound . Aqarmap,New Cairo - 5th Settlemet,25000.0,Club Park - Mountain View iCity Compound,160,3,3,Luxury,6,156.25
https://aqarmap.com.eg/en/listing/6879958-for-rent-cairo-new-cairo-compounds-lakeview-residence/,Apartment for rent with lake view in Lake View Residence - El Hazek . Aqarmap,New Cairo - 5th Settlemet,65000.0,Lake View Residence - El Hazek,130,2,2,Luxury,4,500.0
https://aqarmap.com.eg/en/listing/6879767-for-rent-cairo-new-cairo-compounds-mivida-mivida-parcel/,شقه أرضي بجاردن للإيجار في كمبوند ميفيدا بارسيل in Mivida Parcel . Aqarmap,New Cairo - 5th Settlemet,75000.0,Mivida Parcel,186,3,3,Luxury,6,403.23
https://aqarmap.com.eg/en/listing/6879776-for-rent-cairo-new-cairo-compounds-mivida-mivida-parcel/,Luxurious Furnished Apartment for Rent – Mivida Compound in Mivida Parcel . Aqarmap,New Cairo - 5th Settlemet,110000.0,Mivida Parcel,165,3,3,Luxury,6,666.67
https://aqarmap.com.eg/en/listing/6869194-for-rent-cairo-new-cairo-compounds-mountain-view-hyde-park/,Duplex for rent in Mountain View ERK in Mountain View Hyde Park Compound . Aqarmap,New Cairo - 5th Settlemet,70000.0,Mountain View Hyde Park Compound,277,3,2,Luxury,5,252.71
https://aqarmap.com.eg/en/listing/6869212-for-rent-cairo-new-cairo-compounds-cairo-festival-city-festival-living-cairo-festival-city/,Apartment for rent with ground floor in Garden - Living Cairo Festival in Festival Living - Cairo Festival City Compound . Aqarmap,New Cairo - 5th Settlemet,132500.0,Festival Living - Cairo Festival City Compound,220,3,3,Luxury,6,602.27
https://aqarmap.com.eg/en/listing/6867901-for-rent-cairo-new-cairo-el-narges-el-narges-2-pilot-halawany-st/,سكني For rent in PILOT HALAWANY St. in PILOT HALAWANY St. . Aqarmap,New Cairo - 5th Settlemet,40000.0,PILOT HALAWANY St.,240,3,2,Luxury,5,166.67
https://aqarmap.com.eg/en/listing/6866695-for-rent-cairo-new-cairo-compounds-eastown-eastown-parks/,Studio apartment for rent in sodic Eastown in Eastown Parks - Eastown Compound . Aqarmap,New Cairo - 5th Settlemet,50000.0,Eastown Parks - Eastown Compound,70,1,1,Luxury,2,714.29
https://aqarmap.com.eg/en/listing/6707714-for-rent-cairo-hadayek-el-ahram-area-f/,Apartment For rent in Area F in Area F . Aqarmap,Hadayek El Ahram,10500.0,Area F,170,3,2,Normal,5,61.76
https://aqarmap.com.eg/en/listing/6866665-for-rent-cairo-new-cairo-hy-skn-ljm-lmryky/,استوديو للايجار المفروش في اسكان الجامعه in American University Housing District . Aqarmap,New Cairo - 5th Settlemet,22000.0,American University Housing District,80,1,1,Luxury,2,275.0
https://aqarmap.com.eg/en/listing/6742807-for-rent-cairo-6th-of-october-compounds-october-plaza/,Apartment For rent in October Plaza Compound - Sodic in October Plaza Compound - Sodic . Aqarmap,6th of October,30000.0,October Plaza Compound - Sodic,205,3,2,Luxury,5,146.34
https://aqarmap.com.eg/en/listing/6604605-for-rent-cairo-el-sheikh-zayed-city-el-hay-elthamen-lhkm/,Apartment For rent in El Hekma St. in El Hekma St. . Aqarmap,El Sheikh Zayed,20000.0,El Hekma St.,180,3,3,Luxury,6,111.11
https://aqarmap.com.eg/en/listing/6858807-for-rent-cairo-new-cairo-compounds-lakeview-residence/,For rent - شقة بحديقة 145 M² Extra super lux in Lake View Residence - El Hazek . Aqarmap,New Cairo - 5th Settlemet,75000.0,Lake View Residence - El Hazek,145,2,2,Luxury,4,517.24
https://aqarmap.com.eg/en/listing/6831470-for-rent-cairo-new-cairo-el-narges-el-narges-4-wasef-ghaly-basha-st/,For rent - Apartment 180 M² Super lux in Wasef Ghaly Basha St. . Aqarmap,New Cairo - 5th Settlemet,25000.0,Wasef Ghaly Basha St.,180,2,2,Luxury,4,138.89
https://aqarmap.com.eg/en/listing/6808012-for-rent-cairo-new-cairo-compounds-el-patio-oro/,"Apartment for rent in El Patio Oro ,prime location in El Patio Oro Compound - La Vista . Aqarmap",New Cairo - 5th Settlemet,35000.0,El Patio Oro Compound - La Vista,171,3,2,Luxury,5,204.68
https://aqarmap.com.eg/en/listing/6837402-for-rent-cairo-new-cairo-el-choueifat-al-shouyfat-st/,For rent - روف 400 M² Extra super lux in El Choueifat St. in El Choueifat St. . Aqarmap,New Cairo - 5th Settlemet,50000.0,El Choueifat St.,400,3,3,Luxury,6,125.0
https://aqarmap.com.eg/en/listing/6745185-for-rent-cairo-6th-of-october-compounds-grand-heights/,Apartment For rent in Grand Heights Compound - Kuwadico in Grand Heights Compound - Kuwadico . Aqarmap,6th of October,22000.0,Grand Heights Compound - Kuwadico,130,3,2,Luxury,5,169.23
https://aqarmap.com.eg/en/listing/6666367-for-rent-cairo-al-zamalek-shr-ljzyr-lwsty-ywsf-kml/,Apartment for rent 150 m new law in Zamalek in El Gezira El Wosta St. - Youssef Kamel . Aqarmap,El Zamalek,40000.0,El Gezira El Wosta St. - Youssef Kamel,150,2,2,Luxury,4,266.67
https://aqarmap.com.eg/en/listing/6728533-for-rent-cairo-new-cairo-compounds-ninety-avenue/,شقة مفروشة بحديقة خاصة - كمبوند ميفيدا in 90 Avenue Compound - Tabarak . Aqarmap,New Cairo - 5th Settlemet,95000.0,90 Avenue Compound - Tabarak,200,3,3,Luxury,6,475.0
https://aqarmap.com.eg/en/listing/6850760-for-rent-cairo-new-cairo-el-lotus-lotus-south/,سكني For rent in Lotus South in Lotus South . Aqarmap,New Cairo - 5th Settlemet,38000.0,Lotus South,315,4,3,Luxury,7,120.63
https://aqarmap.com.eg/en/listing/6604596-for-rent-cairo-el-sheikh-zayed-city-compounds-dh-drys/,Apartment Extra super lux For rent in The Address Compound - Dorra in The Address Compound - Dorra . Aqarmap,El Sheikh Zayed,25000.0,The Address Compound - Dorra,112,3,2,Luxury,5,223.21
https://aqarmap.com.eg/en/listing/6858280-for-rent-cairo-new-cairo-compounds-lakeview-residence/,Smart Penthouse (private pool) semi-furnished in Lake View Residence - El Hazek . Aqarmap,New Cairo - 5th Settlemet,165000.0,Lake View Residence - El Hazek,369,3,5,Luxury,8,447.15
https://aqarmap.com.eg/en/listing/6831455-for-rent-cairo-new-cairo-compounds-eastown-eastown-parks/,Apartment 210 M² For rent in Eastown Parks - Eastown Compound in Eastown Parks - Eastown Compound . Aqarmap,New Cairo - 5th Settlemet,65000.0,Eastown Parks - Eastown Compound,210,3,3,Luxury,6,309.52
https://aqarmap.com.eg/en/listing/6720240-for-rent-cairo-el-sheikh-zayed-city-compounds-jn-2/,Apartment For rent in Janna 2 in Janna 2 . Aqarmap,El Sheikh Zayed,23000.0,Janna 2,140,3,3,Luxury,6,164.29
https://aqarmap.com.eg/en/listing/6837212-for-rent-cairo-new-cairo-compounds-gardenia-hights-abo-el-hawl-abo-el-hawl-2/,شقة للإيجار في التجمع الخامس – جاردينيا 2 بالقرب من محور جمال عبد الناصر in Abo El Hawl 2 . Aqarmap,New Cairo - 5th Settlemet,20000.0,Abo El Hawl 2,200,3,3,Luxury,6,100.0
https://aqarmap.com.eg/en/listing/6627105-for-rent-cairo-el-sheikh-zayed-city-compounds-opera-city/,ستوديو للايجار مفروش + جاردن الشيخ زايد كمبوند اوبرا سيتى ريسبشن و غرفه نوم منفص in Opera City - HDB . Aqarmap,El Sheikh Zayed,18000.0,Opera City - HDB,70,1,1,Luxury,2,257.14
https://aqarmap.com.eg/en/listing/6812637-for-rent-cairo-new-cairo-compounds-mivida-mivida-business-park-emaar/,ستوديو للإيجار في ميفيدا بيزنس بارك - كمبوند ميفيدا in Mivida Business Park - Mivida Compound . Aqarmap,New Cairo - 5th Settlemet,80000.0,Mivida Business Park - Mivida Compound,95,1,1,Luxury,2,842.11
https://aqarmap.com.eg/en/listing/6569087-for-rent-cairo-el-sheikh-zayed-city-compounds-hadayek-el-mohandiseen/,Apartment For rent in Hadayek El Mohandiseen in Hadayek El Mohandiseen . Aqarmap,El Sheikh Zayed,17000.0,Hadayek El Mohandiseen,107,3,2,Luxury,5,158.88
https://aqarmap.com.eg/en/listing/6838960-for-rent-cairo-new-cairo-compounds-mivida-blue-views-residences-mivida/,Apartment for rent in Mivida in Blue Views Residences - Mivida Compound . Aqarmap,New Cairo - 5th Settlemet,120000.0,Blue Views Residences - Mivida Compound,250,3,4,Luxury,7,480.0
https://aqarmap.com.eg/en/listing/6432829-for-rent-cairo-el-sheikh-zayed-city-compounds-kmbwnd-fyldj-wyst-dr-llttwyr/,شقق للإيجار في كمبوند فيلدج ويست - درة in Village West Compound - Dorra . Aqarmap,El Sheikh Zayed,20000.0,Village West Compound - Dorra,75,1,2,Luxury,3,266.67
https://aqarmap.com.eg/en/listing/6826508-for-rent-cairo-new-cairo-el-narges-el-narges-6-kaeb-ebn-malek-st/,Penthouse 420 M² For rent in Kaeb Ebn Malek St. in Kaeb Ebn Malek St. . Aqarmap,New Cairo - 5th Settlemet,41000.0,Kaeb Ebn Malek St.,420,5,4,Luxury,9,97.62
https://aqarmap.com.eg/en/listing/6602573-for-rent-cairo-new-cairo-el-banafsg-el-banafsag-1-tagan-st/,Apartment For rent in Tagan St. in Tagan St. . Aqarmap,New Cairo - 5th Settlemet,35000.0,Tagan St.,360,5,2,Luxury,7,97.22
https://aqarmap.com.eg/en/listing/6835733-for-rent-cairo-6th-of-october-compounds-october-plaza/,For rent - Apartment 205 M² Super lux in October Plaza Compound - Sodic in October Plaza Compound - Sodic . Aqarmap,6th of October,30000.0,October Plaza Compound - Sodic,205,3,3,Luxury,6,146.34
https://aqarmap.com.eg/en/listing/6730837-for-rent-cairo-el-sheikh-zayed-city-compounds-kmbwnd-fyldj-wyst-dr-llttwyr/,شقق للإيجار في كمبوند فيلدج ويست - درة in Village West Compound - Dorra . Aqarmap,El Sheikh Zayed,26000.0,Village West Compound - Dorra,123,2,2,Luxury,4,211.38
https://aqarmap.com.eg/en/listing/6803653-for-rent-cairo-new-cairo-compounds-leila-compound/,ستوديو للإيجار في كمبوند ليلة in Leila Compound . Aqarmap,New Cairo - 5th Settlemet,25000.0,Leila Compound,60,1,1,Luxury,2,416.67
https://aqarmap.com.eg/en/listing/6726701-for-rent-cairo-el-sheikh-zayed-city-compounds-dh-drys/,شقة بحديقة For rent in The Address Compound - Dorra in The Address Compound - Dorra . Aqarmap,El Sheikh Zayed,28000.0,The Address Compound - Dorra,109,3,2,Luxury,5,256.88
https://aqarmap.com.eg/en/listing/6837255-for-rent-cairo-new-cairo-compounds-mivida-boulevard-mivida/,شقة للإيجار فى بوليفارد ريزيدنس ميفيدا in Boulevard Residence Mivida . Aqarmap,New Cairo - 5th Settlemet,130000.0,Boulevard Residence Mivida,235,3,3,Luxury,6,553.19
https://aqarmap.com.eg/en/listing/6620209-for-rent-cairo-el-sheikh-zayed-city-compounds-kmbwnd-fyldj-wyst-dr-llttwyr/,شقق للإيجار في كمبوند فيلدج ويست - درة in Village West Compound - Dorra . Aqarmap,El Sheikh Zayed,20000.0,Village West Compound - Dorra,75,1,2,Luxury,3,266.67
https://aqarmap.com.eg/en/listing/6747417-for-rent-cairo-new-cairo-compounds-town-residence/,Apartment For rent in Town Residence Compound - El Shams in Town Residence Compound - El Shams . Aqarmap,New Cairo - 5th Settlemet,17000.0,Town Residence Compound - El Shams,165,3,2,Luxury,5,103.03
https://aqarmap.com.eg/en/listing/6726746-for-rent-cairo-6th-of-october-compounds-mountain-view-icity-october-mv-park-mountain-view-icity-october/,Apartment For rent in MV Park - Mountain View iCity October Compound in MV Park - Mountain View iCity October Compound . Aqarmap,6th of October,25000.0,MV Park - Mountain View iCity October Compound,155,3,2,Luxury,5,161.29
https://aqarmap.com.eg/en/listing/6830982-for-rent-cairo-el-sheikh-zayed-city-compounds-kmbwnd-fyldj-wyst-dr-llttwyr/,Apartment Extra super lux For rent in Village West Compound - Dorra in Village West Compound - Dorra . Aqarmap,El Sheikh Zayed,33000.0,Village West Compound - Dorra,164,3,3,Luxury,6,201.22
https://aqarmap.com.eg/en/listing/6621544-for-rent-cairo-6th-of-october-compounds-mountain-view-icity-october-mv-park-mountain-view-icity-october/,Apartment Extra super lux For rent in MV Park - Mountain View iCity October Compound in MV Park - Mountain View iCity October Compound . Aqarmap,6th of October,27000.0,MV Park - Mountain View iCity October Compound,155,3,2,Luxury,5,174.19
https://aqarmap.com.eg/en/listing/6720443-for-rent-cairo-el-sheikh-zayed-city-compounds-hadayek-el-mohandiseen/,Apartment For rent in Hadayek El Mohandiseen in Hadayek El Mohandiseen . Aqarmap,El Sheikh Zayed,20000.0,Hadayek El Mohandiseen,129,3,2,Luxury,5,155.04
https://aqarmap.com.eg/en/listing/6655837-for-rent-cairo-el-sheikh-zayed-city-el-hay-elthamen-area-1/,شقه للايجار الشيخ زايد الحى الثامن 3 غرف نوم 3 حمام مطبخ و تكيفات فيو ميدان in Area 1 . Aqarmap,El Sheikh Zayed,27000.0,Area 1,230,3,3,Luxury,6,117.39
https://aqarmap.com.eg/en/listing/6758994-for-rent-cairo-el-sheikh-zayed-city-el-hay-elthamen-area-1/,شقة بحديقة For rent in Area 1 in Area 1 . Aqarmap,El Sheikh Zayed,18000.0,Area 1,170,3,2,Luxury,5,105.88
https://aqarmap.com.eg/en/listing/6672567-for-rent-cairo-el-sheikh-zayed-city-compounds-hadayek-el-mohandiseen/,Apartment Extra super lux For rent in Hadayek El Mohandiseen in Hadayek El Mohandiseen . Aqarmap,El Sheikh Zayed,20000.0,Hadayek El Mohandiseen,130,3,2,Luxury,5,153.85
https://aqarmap.com.eg/en/listing/6836991-for-rent-cairo-new-cairo-compounds-el-patio-oro/,For rent - Apartment 168 M² Extra super lux in El Patio Oro Compound - La Vista in El Patio Oro Compound - La Vista . Aqarmap,New Cairo - 5th Settlemet,55000.0,El Patio Oro Compound - La Vista,168,3,2,Luxury,5,327.38
https://aqarmap.com.eg/en/listing/6600332-for-rent-cairo-new-cairo-compounds-district-5-the-plateau-district-5/,شقة مفروشة بالكامل للإيجار في ديستريكت 5 in The Plateau - District 5 Compound . Aqarmap,New Cairo - 5th Settlemet,65000.0,The Plateau - District 5 Compound,156,2,2,Luxury,4,416.67
https://aqarmap.com.eg/en/listing/6832054-for-rent-cairo-el-sheikh-zayed-city-compounds-el-karma-residence/,Apartment in El Karma Residence - Badr El Din 170 M² Extra super lux For rent in El Karma Residence - Badr El Din . Aqarmap,El Sheikh Zayed,38000.0,El Karma Residence - Badr El Din,170,3,3,Luxury,6,223.53
https://aqarmap.com.eg/en/listing/6839148-for-rent-cairo-new-cairo-compounds-cairo-festival-city-cairo-festival-city-mall-cfc-mall/,For rent - دوبلكس بحديقة 360 M² Extra super lux in Cairo Festival City Mall - CFC in Cairo Festival City Mall - CFC . Aqarmap,New Cairo - 5th Settlemet,140000.0,Cairo Festival City Mall - CFC,360,4,4,Luxury,8,388.89
https://aqarmap.com.eg/en/listing/6723068-for-rent-cairo-new-cairo-compounds-villette-vy-ryzydns-villette/,Semi-Furnished Duplex for Rent in Villette – V Residence in V Residence - Villette . Aqarmap,New Cairo - 5th Settlemet,90000.0,V Residence - Villette,265,4,4,Luxury,8,339.62
https://aqarmap.com.eg/en/listing/6592598-for-rent-cairo-new-cairo-compounds-galleria-moon-valley-compound-arabia/,"Modern 2-Bedroom Apartment for Rent in Galleria Moon Valley, New Cairo in Galleria Moon Valley Compound - Arabia . Aqarmap",New Cairo - 5th Settlemet,35000.0,Galleria Moon Valley Compound - Arabia,133,2,2,Luxury,4,263.16
https://aqarmap.com.eg/en/listing/6730596-for-rent-cairo-new-cairo-compounds-fifth-square/,Apartment for rent in fifth square View landscape in Fifth Square Compound - AlMarasem . Aqarmap,New Cairo - 5th Settlemet,45000.0,Fifth Square Compound - AlMarasem,205,3,3,Luxury,6,219.51
https://aqarmap.com.eg/en/listing/6816508-for-rent-cairo-new-cairo-compounds-mountain-view-hyde-park/,Penthouse Roof for Rent In Mountain View Hyde park in Mountain View Hyde Park Compound . Aqarmap,New Cairo - 5th Settlemet,80000.0,Mountain View Hyde Park Compound,166,3,3,Luxury,6,481.93
https://aqarmap.com.eg/en/listing/6817001-for-rent-cairo-new-cairo-compounds-el-patio-oro/,Apartment For Rent In El patio Oro in El Patio Oro Compound - La Vista . Aqarmap,New Cairo - 5th Settlemet,45000.0,El Patio Oro Compound - La Vista,128,2,2,Luxury,4,351.56
https://aqarmap.com.eg/en/listing/6823843-for-rent-cairo-new-cairo-compounds-eastown-district-sodic/,شقة مميزة للإيجار في ايستاون موقع مميز in Eastown District Mall - Sodic . Aqarmap,New Cairo - 5th Settlemet,80000.0,Eastown District Mall - Sodic,210,3,2,Luxury,5,380.95
https://aqarmap.com.eg/en/listing/6816429-for-rent-cairo-new-cairo-compounds-mountain-view-hyde-park/,شقة للايجار فى ماونتن فيو هايد بارك in Mountain View Hyde Park Compound . Aqarmap,New Cairo - 5th Settlemet,50000.0,Mountain View Hyde Park Compound,161,3,2,Luxury,5,310.56
https://aqarmap.com.eg/en/listing/6823782-for-rent-cairo-new-cairo-compounds-eastown-eastown-parks/,دوبلكس مفروش بحديقة كبيرة للإيجار في إيستاون in Eastown Parks - Eastown Compound . Aqarmap,New Cairo - 5th Settlemet,150000.0,Eastown Parks - Eastown Compound,263,3,3,Luxury,6,570.34
https://aqarmap.com.eg/en/listing/6816413-for-rent-cairo-new-cairo-compounds-mountain-view-hyde-park/,Apartment for Rent In Mountain View Hyde park in Mountain View Hyde Park Compound . Aqarmap,New Cairo - 5th Settlemet,40000.0,Mountain View Hyde Park Compound,115,2,2,Luxury,4,347.83
https://aqarmap.com.eg/en/listing/6825582-for-rent-cairo-new-cairo-compounds-eastown-district-sodic/,For rent - Apartment 210 M² Extra super lux in Eastown District Mall - Sodic . Aqarmap,New Cairo - 5th Settlemet,80000.0,Eastown District Mall - Sodic,210,3,3,Luxury,6,380.95
https://aqarmap.com.eg/en/listing/6825602-for-rent-cairo-new-cairo-compounds-eastown-district-sodic/,Apartment Extra super lux For rent in Eastown District Mall - Sodic in Eastown District Mall - Sodic . Aqarmap,New Cairo - 5th Settlemet,40000.0,Eastown District Mall - Sodic,152,2,2,Luxury,4,263.16
https://aqarmap.com.eg/en/listing/6823864-for-rent-cairo-new-cairo-compounds-eastown-district-sodic/,Apartment 150 M² Extra super lux in Eastown District Mall - Sodic in Eastown District Mall - Sodic . Aqarmap,New Cairo - 5th Settlemet,110000.0,Eastown District Mall - Sodic,150,2,2,Luxury,4,733.33
https://aqarmap.com.eg/en/listing/6831247-for-rent-cairo-new-cairo-compounds-cairo-festival-city-cairo-festival-city-mall-cfc-mall/,For rent - Apartment 150 M² Extra super lux in Cairo Festival City Mall - CFC in Cairo Festival City Mall - CFC . Aqarmap,New Cairo - 5th Settlemet,75000.0,Cairo Festival City Mall - CFC,150,2,3,Luxury,5,500.0
https://aqarmap.com.eg/en/listing/6831276-for-rent-cairo-new-cairo-compounds-cairo-festival-city-cairo-festival-city-mall-cfc-mall/,For rent - Apartment 132 M² Extra super lux in Cairo Festival City Mall - CFC in Cairo Festival City Mall - CFC . Aqarmap,New Cairo - 5th Settlemet,75000.0,Cairo Festival City Mall - CFC,132,2,2,Luxury,4,568.18
https://aqarmap.com.eg/en/listing/6825334-for-rent-cairo-new-cairo-compounds-eastown-district-sodic/,شقة مميزة للإيجار في سوديك إيست تاون دور أول in Eastown District Mall - Sodic . Aqarmap,New Cairo - 5th Settlemet,85000.0,Eastown District Mall - Sodic,280,3,3,Luxury,6,303.57
https://aqarmap.com.eg/en/listing/6824795-for-rent-cairo-new-cairo-compounds-eastown-district-sodic/,Apartment 195 M² For rent in Eastown District Mall - Sodic in Eastown District Mall - Sodic . Aqarmap,New Cairo - 5th Settlemet,65000.0,Eastown District Mall - Sodic,195,3,3,Luxury,6,333.33
https://aqarmap.com.eg/en/listing/6832396-for-rent-cairo-new-cairo-madinaty-tenth-zone-buildings-madinaty-b-10/,For rent - Apartment 200 M² Super lux in Madinaty - B 10 . Aqarmap,New Cairo - 5th Settlemet,35000.0,Madinaty - B 10,200,4,3,Luxury,7,175.0
https://aqarmap.com.eg/en/listing/6639674-for-rent-cairo-el-sheikh-zayed-city-compounds-opera-city/,ستوديو For rent in Opera City - HDB in Opera City - HDB . Aqarmap,El Sheikh Zayed,18000.0,Opera City - HDB,70,1,1,Luxury,2,257.14
https://aqarmap.com.eg/en/listing/6668717-for-rent-cairo-el-sheikh-zayed-city-compounds-kmbwnd-fyldj-wyst-dr-llttwyr/,شقق للإيجار في كمبوند فيلدج ويست - درة in Village West Compound - Dorra . Aqarmap,El Sheikh Zayed,33000.0,Village West Compound - Dorra,163,3,3,Luxury,6,202.45
https://aqarmap.com.eg/en/listing/6590519-for-rent-cairo-al-zamalek-mohamed-mazhar-street/,"Apartment for rent, 220 sq m, off Mohamed Mazhar Street – Zamalek in Mohamed Mazhar St. . Aqarmap",El Zamalek,45000.0,Mohamed Mazhar St.,220,4,2,Luxury,6,204.55
https://aqarmap.com.eg/en/listing/6805797-for-rent-cairo-new-cairo-llwts-ljdyd/,شقة للايجار باللوتس الجديدة علي شارع النوادي خطوات من مدرسه كابيتال in New Lotus . Aqarmap,New Cairo - 5th Settlemet,16000.0,New Lotus,150,3,2,Luxury,5,106.67
https://aqarmap.com.eg/en/listing/6870658-for-rent-cairo-new-cairo-el-narges-el-narges-omarat-abdallah-el-nadim-st/,استوديو للايجار المفروش في التجمع الخامس in Abdallah El Nadim St. . Aqarmap,New Cairo - 5th Settlemet,15000.0,Abdallah El Nadim St.,70,1,1,Normal,2,214.29
https://aqarmap.com.eg/en/listing/6840837-for-rent-cairo-el-maadi-compounds-kmbwnd-wn-qtmyh-m-mr-lmrshdy/,ستوديو الترا لوكس للايجار المفروش بكمبوند وان قطاميه in One Kattameya Compound - Morshedy Group . Aqarmap,El Maadi,30000.0,One Kattameya Compound - Morshedy Group,75,1,1,Luxury,2,400.0
https://aqarmap.com.eg/en/listing/6734174-for-rent-cairo-el-mohandesen-shr-jm-ldwl-l-rby/,"Apartment for rent, 150 sq m, near the Arab League Street intersection. in Gameat El Dewal El Arbabeya St . Aqarmap",El Mohadesee,17000.0,Gameat El Dewal El Arbabeya St,150,2,1,Luxury,3,113.33
https://aqarmap.com.eg/en/listing/6753593-for-rent-cairo-new-cairo-el-banafsg-el-banafsag-11-suleiman-al-halabi-st/,شقه للإيجار فى البنفسج 11 على التسعين الشمالى بجوار مول الواترواي وأمام الرحاب in Suleiman al-Halabi St. . Aqarmap,New Cairo - 5th Settlemet,22000.0,Suleiman al-Halabi St.,200,3,2,Luxury,5,110.0
https://aqarmap.com.eg/en/listing/6836768-for-rent-cairo-el-maadi-compounds-kattameya-gate-compound-memaar-al-morshedy/,special apartment for rent in Katameya Gate in Kattameya Gate Compound - Memaar Al Morshedy . Aqarmap,El Maadi,10000.0,Kattameya Gate Compound - Memaar Al Morshedy,85,2,1,Normal,3,117.65
https://aqarmap.com.eg/en/listing/6821004-for-rent-cairo-new-cairo-compounds-sarai-cavana-springs-carai/,Apartment for Rent in Sarai Compound in Cavana Springs - Sarai Compound . Aqarmap,New Cairo - 5th Settlemet,20000.0,Cavana Springs - Sarai Compound,122,3,3,Luxury,6,163.93
https://aqarmap.com.eg/en/listing/6750912-for-rent-cairo-new-cairo-compounds-eastown-eastown-parks/,دوبلكس بجاردن للايجار في سوديك ايستاون، بالفرش والتكيفات in Eastown Parks - Eastown Compound . Aqarmap,New Cairo - 5th Settlemet,100000.0,Eastown Parks - Eastown Compound,260,3,3,Luxury,6,384.62
https://aqarmap.com.eg/en/listing/6525708-for-rent-cairo-new-cairo-compounds-stwn-ryzydns-by-ar-y-llttwyr/,"Modern 3-Bedroom Apartment in Stone Residence, Fifth Settlement in Stone Residence - PRE . Aqarmap",New Cairo - 5th Settlemet,40000.0,Stone Residence - PRE,175,3,3,Luxury,6,228.57
https://aqarmap.com.eg/en/listing/6397677-for-rent-cairo-faisal-shareaa-el-malek-fasel/,للإيجار - شقه 225متر قريبه من المتحف المصرى الكبير وبإطلاله مباشره على الاهرامات in King Faisal St . Aqarmap,Faisal,40000.0,King Faisal St,225,3,3,Luxury,6,177.78
https://aqarmap.com.eg/en/listing/6885383-for-rent-cairo-manial-lmnyl-lgrby/,For rent - Apartment 135 M² Lux in Al Manyal Al Gharbi in Al Manyal Al Gharbi . Aqarmap,Maial,35000.0,Al Manyal Al Gharbi,135,2,1,Luxury,3,259.26
https://aqarmap.com.eg/en/listing/6885996-for-rent-cairo-6th-of-october-hadaeq-october-skn-msr/,Apartment For rent in Sakan Masr in Sakan Masr . Aqarmap,6th of October,10000.0,Sakan Masr,130,3,2,Normal,5,76.92
https://aqarmap.com.eg/en/listing/6886936-for-rent-cairo-new-cairo-el-banafsg-el-banafsag-8-el-shaikh-abdul-galil-issa-st/,Duplex villa with facade in elbanafseg 8 in El Shaikh Abdul Galil Issa St. . Aqarmap,New Cairo - 5th Settlemet,40000.0,El Shaikh Abdul Galil Issa St.,320,4,3,Luxury,7,125.0
https://aqarmap.com.eg/en/listing/6882452-for-rent-cairo-new-cairo-el-lotus-lotus-south/,روف For rent in Lotus South in Lotus South . Aqarmap,New Cairo - 5th Settlemet,28000.0,Lotus South,250,3,3,Luxury,6,112.0
https://aqarmap.com.eg/en/listing/6067291-for-rent-cairo-dokki/,شقة للايجار في الدقي in Dokki . Aqarmap,Dokki,18500.0,Dokki,130,4,1,Luxury,5,142.31
https://aqarmap.com.eg/en/listing/6886730-for-rent-cairo-new-cairo-compounds-hyde-park-centre-ville-hyde-park/,Ground semi furnished apartment 2rooms For Rent in Hyde Park New Cairo in Centre Ville - Hyde Park Compound . Aqarmap,New Cairo - 5th Settlemet,35000.0,Centre Ville - Hyde Park Compound,152,2,2,Luxury,4,230.26
https://aqarmap.com.eg/en/listing/6884965-for-rent-cairo-new-cairo-compounds-eastown-spectrum-eastown-compound/,For rent - Apartment 187 M² Extra super lux in Spectrum - Eastown Compound in Spectrum - Eastown Compound . Aqarmap,New Cairo - 5th Settlemet,100000.0,Spectrum - Eastown Compound,187,3,3,Luxury,6,534.76
https://aqarmap.com.eg/en/listing/6885002-for-rent-cairo-heliopolis-sheraton-el-moltaka-el-arabi-st/,ستوديو For rent in El Moltaka El Arabi St. in El Moltaka El Arabi St. . Aqarmap,Heliopolis - Masr El Gedida,30000.0,El Moltaka El Arabi St.,90,1,1,Luxury,2,333.33
https://aqarmap.com.eg/en/listing/6884799-for-rent-cairo-dokki-el-batal-ahmed-abd-el-aziz/,Apartment in El Batal Ahmed Abdel Aziz St. 200 M² Extra super lux For rent in El Batal Ahmed Abdel Aziz St. . Aqarmap,Dokki,50000.0,El Batal Ahmed Abdel Aziz St.,200,3,3,Luxury,6,250.0
https://aqarmap.com.eg/en/listing/6781469-for-rent-cairo-6th-of-october-compounds-nyoum-october-arab-developmentt/,"Hotel Studio for rent bin Nyoum October Compound, 6th of October in Nyoum October Compound - Arab Developers . Aqarmap",6th of October,15000.0,Nyoum October Compound - Arab Developers,60,1,1,Normal,2,250.0
https://aqarmap.com.eg/en/listing/6790690-for-rent-cairo-faisal-shareaa-el-malek-fasel/,شقق للإيجار في شارع الملك فيصل in King Faisal St . Aqarmap,Faisal,7500.0,King Faisal St,140,3,1,Normal,4,53.57
https://aqarmap.com.eg/en/listing/6884711-for-rent-cairo-new-cairo-el-banafsg-el-banafsag-omarat-al-gabri-st/,شقة للإيجار في البنفسج عمارات – التجمع الأول in Al-Gabri St. . Aqarmap,New Cairo - 5th Settlemet,21000.0,Al-Gabri St.,130,3,2,Luxury,5,161.54
https://aqarmap.com.eg/en/listing/6884271-for-rent-cairo-new-cairo-compounds-galleria-moon-valley-compound-arabia/,Semi furnished apartment 130m for rent in Galleria in Galleria Moon Valley Compound - Arabia . Aqarmap,New Cairo - 5th Settlemet,28000.0,Galleria Moon Valley Compound - Arabia,130,2,2,Luxury,4,215.38
https://aqarmap.com.eg/en/listing/6886974-for-rent-cairo-new-cairo-compounds-eastown-eastown-parks/,Apartment with garden for rent in Sodic Town in Eastown Parks - Eastown Compound . Aqarmap,New Cairo - 5th Settlemet,80000.0,Eastown Parks - Eastown Compound,160,3,3,Luxury,6,500.0
https://aqarmap.com.eg/en/listing/6886666-for-rent-cairo-new-cairo-compounds-porto-new-cairo-compound-amer-group/,furnished duplex 150m for rent with best view in porto new cairo in Porto New Cairo Compound - Amer Group . Aqarmap,New Cairo - 5th Settlemet,55000.0,Porto New Cairo Compound - Amer Group,150,2,3,Luxury,5,366.67
https://aqarmap.com.eg/en/listing/6885010-for-rent-cairo-new-cairo-compounds-lakeview-residence/,Apartment under price market in lake view residence in Lake View Residence - El Hazek . Aqarmap,New Cairo - 5th Settlemet,55000.0,Lake View Residence - El Hazek,144,2,2,Luxury,4,381.94
https://aqarmap.com.eg/en/listing/6886765-for-rent-cairo-new-cairo-compounds-cairo-festival-city-festival-living-cairo-festival-city/,Apartment for rent in Cairo Festival in Festival Living - Cairo Festival City Compound . Aqarmap,New Cairo - 5th Settlemet,135000.0,Festival Living - Cairo Festival City Compound,200,2,3,Luxury,5,675.0
https://aqarmap.com.eg/en/listing/6886688-for-rent-cairo-new-cairo-compounds-fifth-square/,Semi furnished studio with garden rent in Fifth Square Marasem New Cairo in Fifth Square Compound - AlMarasem . Aqarmap,New Cairo - 5th Settlemet,25000.0,Fifth Square Compound - AlMarasem,115,1,2,Luxury,3,217.39
https://aqarmap.com.eg/en/listing/6884504-for-rent-cairo-new-cairo-compounds-galleria-moon-valley/,"Apartment for rent in Galleria, 194 sq m in Galleria Residence - Arabia . Aqarmap",New Cairo - 5th Settlemet,40000.0,Galleria Residence - Arabia,194,3,3,Luxury,6,206.19
https://aqarmap.com.eg/en/listing/6886534-for-rent-cairo-new-cairo-ganob-el-akadamiya-south-academy-a-zaid-ebn-haretha-st/,Apartment For rent in Zaid Ebn Haretha St. in Zaid Ebn Haretha St. . Aqarmap,New Cairo - 5th Settlemet,25000.0,Zaid Ebn Haretha St.,190,3,2,Luxury,5,131.58
https://aqarmap.com.eg/en/listing/6886809-for-rent-cairo-el-sheikh-zayed-city-el-hay-el-hady-ashaer/,Apartment 200 M² For rent in Street 33 in Eleventh Neighborhood . Aqarmap,El Sheikh Zayed,15000.0,Eleventh Neighborhood,200,3,2,Normal,5,75.0
https://aqarmap.com.eg/en/listing/6886738-for-rent-cairo-el-sheikh-zayed-city-compounds-beverly-hills/,Apartment For rent in Beverly Hills Compound - Sodic in Beverly Hills Compound - Sodic . Aqarmap,El Sheikh Zayed,35000.0,Beverly Hills Compound - Sodic,204,3,3,Luxury,6,171.57
https://aqarmap.com.eg/en/listing/6886718-for-rent-cairo-el-sheikh-zayed-city-compounds-hadayek-el-mohandiseen/,شقه للايجار في كمباوند حدائق المهندسين - الشيخ زايد in Hadayek El Mohandiseen . Aqarmap,El Sheikh Zayed,28000.0,Hadayek El Mohandiseen,100,2,1,Luxury,3,280.0
https://aqarmap.com.eg/en/listing/6886704-for-rent-cairo-el-sheikh-zayed-city-compounds-el-khamayel/,Apartment For rent in Other Neighborhoods In El Sheikh Zayed City in El Khamayel . Aqarmap,El Sheikh Zayed,30000.0,El Khamayel,140,3,2,Luxury,5,214.29
https://aqarmap.com.eg/en/listing/6886655-for-rent-cairo-6th-of-october-el-ahyaa-neighborhood-1st/,Apartment For rent in Other Neighborhoods In 6th Of October in Neighborhood 1st . Aqarmap,6th of October,20000.0,Neighborhood 1st,120,2,1,Luxury,3,166.67
https://aqarmap.com.eg/en/listing/6884424-for-rent-cairo-new-cairo-compounds-porto-cairo-mall/,Studio with garden for rent in Porto New Cairo in Porto Cairo Mall - Porto Group . Aqarmap,New Cairo - 5th Settlemet,25000.0,Porto Cairo Mall - Porto Group,70,1,1,Luxury,2,357.14
https://aqarmap.com.eg/en/listing/6883880-for-rent-cairo-new-cairo-el-yassamin-el-yasmeen-8/,سكني For rent in El Yasmeen 8 in El Yasmeen 8 . Aqarmap,New Cairo - 5th Settlemet,21500.0,El Yasmeen 8,210,3,2,Luxury,5,102.38
https://aqarmap.com.eg/en/listing/6886734-for-rent-cairo-6th-of-october-compounds-jn-ktwbr/,Apartment 130 M² Extra super lux in Gannah October in Gannah October . Aqarmap,6th of October,12000.0,Gannah October,130,3,2,Normal,5,92.31
https://aqarmap.com.eg/en/listing/6886706-for-rent-cairo-6th-of-october-el-ahyaa-neighborhood-9th/,Apartment For rent in Neighborhood 9th in Neighborhood 9th . Aqarmap,6th of October,35000.0,Neighborhood 9th,240,4,3,Luxury,7,145.83
https://aqarmap.com.eg/en/listing/6886662-for-rent-cairo-6th-of-october-mntq-fr-y-b-6-ktwbr/,Apartment For rent in Other Neighborhoods In 6th Of October in Other Neighborhoods In 6th Of October . Aqarmap,6th of October,4500.0,Other Neighborhoods In 6th Of October,160,2,1,Cheap,3,28.12
https://aqarmap.com.eg/en/listing/6886709-for-rent-cairo-6th-of-october-compounds-la-veda-el-bustan-compound-la-vista/,Apartment in La Veda El Bustan Compound - La Vista 175 M² Extra super lux For rent in La Veda El Bustan Compound - La Vista . Aqarmap,6th of October,23000.0,La Veda El Bustan Compound - La Vista,175,3,2,Luxury,5,131.43
https://aqarmap.com.eg/en/listing/6886693-for-rent-cairo-el-sheikh-zayed-city-compounds-zyd-wr-llttwyr-z-tower/,استوديو للايجار اليومي او الشهري في كمبوند زد تاورز الشيخ زايد in Z Tower - ZED El Sheikh Zayed Compound . Aqarmap,El Sheikh Zayed,50000.0,Z Tower - ZED El Sheikh Zayed Compound,55,1,1,Luxury,2,909.09
https://aqarmap.com.eg/en/listing/6886626-for-rent-cairo-el-sheikh-zayed-city-compounds-zyd-wr-llttwyr/,Apartment For rent in Other Neighborhoods In El Sheikh Zayed City in ZED El Sheikh Zayed Compound - Ora . Aqarmap,El Sheikh Zayed,80000.0,ZED El Sheikh Zayed Compound - Ora,161,3,3,Luxury,6,496.89
https://aqarmap.com.eg/en/listing/6886697-for-rent-cairo-el-sheikh-zayed-city-compounds-jn-zyd/,Apartment For rent in Jannat Zayed in Jannat Zayed . Aqarmap,El Sheikh Zayed,18000.0,Jannat Zayed,140,3,3,Luxury,6,128.57
https://aqarmap.com.eg/en/listing/6886648-for-rent-cairo-6th-of-october-el-ahyaa-neighborhood-1st/,Apartment For rent in Other Neighborhoods In 6th Of October in Neighborhood 1st . Aqarmap,6th of October,20000.0,Neighborhood 1st,150,3,1,Luxury,4,133.33
https://aqarmap.com.eg/en/listing/6886649-for-rent-cairo-6th-of-october-garb-someed-neighborhood-1st/,Apartment For rent in Neighborhood 1st in Neighborhood 1st . Aqarmap,6th of October,14500.0,Neighborhood 1st,165,3,2,Normal,5,87.88
https://aqarmap.com.eg/en/listing/6886637-for-rent-cairo-6th-of-october-mntq-fr-y-b-6-ktwbr/,Apartment For rent in Other Neighborhoods In 6th Of October in Other Neighborhoods In 6th Of October . Aqarmap,6th of October,20000.0,Other Neighborhoods In 6th Of October,120,2,1,Luxury,3,166.67
https://aqarmap.com.eg/en/listing/6886638-for-rent-cairo-6th-of-october-compounds-nyoum-october-arab-developmentt/,Apartment For rent in Nyoum October Compound - Arab Developers in Nyoum October Compound - Arab Developers . Aqarmap,6th of October,12000.0,Nyoum October Compound - Arab Developers,96,2,1,Normal,3,125.0
https://aqarmap.com.eg/en/listing/6886591-for-rent-cairo-el-sheikh-zayed-city-compounds-kmbwnd-wyst-twn-swdyk/,Apartment For rent in Westown Compound - Sodic in Westown Compound - Sodic . Aqarmap,El Sheikh Zayed,85000.0,Westown Compound - Sodic,226,4,4,Luxury,8,376.11
https://aqarmap.com.eg/en/listing/6886575-for-rent-cairo-6th-of-october-mntq-fr-y-b-6-ktwbr/,Apartment For rent in Other Neighborhoods In 6th Of October in Other Neighborhoods In 6th Of October . Aqarmap,6th of October,15000.0,Other Neighborhoods In 6th Of October,100,2,1,Normal,3,150.0
https://aqarmap.com.eg/en/listing/6884737-for-rent-cairo-dokki-el-batal-ahmed-abd-el-aziz/,شقة للايجار في الدقي _ البطل أحمد عبد العزيز_تشطيب سوبر لوكس in El Batal Ahmed Abdel Aziz St. . Aqarmap,Dokki,65000.0,El Batal Ahmed Abdel Aziz St.,250,3,3,Luxury,6,260.0
https://aqarmap.com.eg/en/listing/6883677-for-rent-cairo-new-cairo-el-narges-el-narges-1-beram-el-tunsi-st/,Apartment For rent in Beram El Tunsi St. in Beram El Tunsi St. . Aqarmap,New Cairo - 5th Settlemet,25000.0,Beram El Tunsi St.,250,3,2,Luxury,5,100.0
https://aqarmap.com.eg/en/listing/6785124-for-rent-cairo-faisal-shareaa-el-malek-fasel/,شقق للإيجار في شارع الملك فيصل in King Faisal St . Aqarmap,Faisal,7500.0,King Faisal St,140,3,1,Normal,4,53.57
https://aqarmap.com.eg/en/listing/6879567-for-rent-cairo-new-cairo-lrhb-city-phase-1-ahmed-rami-st/,شقة للايجار خطوات من السوق القديم (AS) in Ahmed Rami St. . Aqarmap,New Cairo - 5th Settlemet,45000.0,Ahmed Rami St.,90,2,2,Luxury,4,500.0
https://aqarmap.com.eg/en/listing/6850946-for-rent-cairo-dokki-mydn-lmsh-al-mesaha-st/,Studio For rent in Al Mesaha St. in El Mesaha St. . Aqarmap,Dokki,42000.0,El Mesaha St.,60,1,1,Luxury,2,700.0
https://aqarmap.com.eg/en/listing/6884680-for-rent-cairo-dokki-el-batal-ahmed-abd-el-aziz/,Apartment Super lux For rent in El Batal Ahmed Abdel Aziz St. in El Batal Ahmed Abdel Aziz St. . Aqarmap,Dokki,55000.0,El Batal Ahmed Abdel Aziz St.,220,3,3,Luxury,6,250.0
https://aqarmap.com.eg/en/listing/6883652-for-rent-cairo-new-cairo-el-narges-el-narges-1-beram-el-tunsi-st/,Apartment For rent in Beram El Tunsi St. in Beram El Tunsi St. . Aqarmap,New Cairo - 5th Settlemet,20000.0,Beram El Tunsi St.,240,3,2,Luxury,5,83.33
https://aqarmap.com.eg/en/listing/6786422-for-rent-cairo-faisal-shareaa-el-malek-fasel/,شقق للإيجار في شارع الملك فيصل in King Faisal St . Aqarmap,Faisal,7500.0,King Faisal St,140,3,1,Normal,4,53.57
https://aqarmap.com.eg/en/listing/6885617-for-rent-cairo-new-cairo-lrhb-city-phase-5-talaat-mostafa-st/,(MA) Apartment For rent in Talaat Mostafa St. in Talaat Mostafa St. . Aqarmap,New Cairo - 5th Settlemet,40000.0,Talaat Mostafa St.,155,3,2,Luxury,5,258.06
https://aqarmap.com.eg/en/listing/6886629-for-rent-cairo-el-sheikh-zayed-city-compounds-dh-drys/,Apartment For rent in The Address Compound - Dorra in The Address Compound - Dorra . Aqarmap,El Sheikh Zayed,40000.0,The Address Compound - Dorra,130,3,2,Luxury,5,307.69
https://aqarmap.com.eg/en/listing/6799903-for-rent-cairo-faisal-shareaa-el-malek-fasel/,شقق للإيجار في شارع الملك فيصل in King Faisal St . Aqarmap,Faisal,7500.0,King Faisal St,140,3,1,Normal,4,53.57
https://aqarmap.com.eg/en/listing/6886642-for-rent-cairo-6th-of-october-el-ahyaa-neighborhood-1st/,ستوديو For rent in Other Neighborhoods In 6th Of October in Neighborhood 1st . Aqarmap,6th of October,6000.0,Neighborhood 1st,30,1,1,Normal,2,200.0
https://aqarmap.com.eg/en/listing/6885036-for-rent-cairo-new-cairo-compounds-mwn-ryzydns-lmrsm-llttwyr/,135m SemiFurnished Apartment for Rent in AlMarasem in Moon Residence - Al Marasem . Aqarmap,New Cairo - 5th Settlemet,33000.0,Moon Residence - Al Marasem,135,2,2,Luxury,4,244.44
https://aqarmap.com.eg/en/listing/6885013-for-rent-cairo-new-cairo-el-lotus-lotus-north-lmntq-lthny-llwts-lshmly/,سكني 210 M² For rent in The Second Area - Lotus North in The Second Area - Lotus North . Aqarmap,New Cairo - 5th Settlemet,25000.0,The Second Area - Lotus North,210,3,2,Luxury,5,119.05
https://aqarmap.com.eg/en/listing/6885104-for-rent-cairo-el-maadi-compounds-darna-compound/,للايجار فاضي بسعر مميز شقة 165م بكمبوند دارنا زهراء المعادي in Darna Compound - M Squared . Aqarmap,El Maadi,14000.0,Darna Compound - M Squared,165,3,2,Normal,5,84.85
https://aqarmap.com.eg/en/listing/6885101-for-rent-cairo-heliopolis-sheraton/,شقة للإيجار شيراتون التعاونيات شارع التحريرالمساحة: 120 متر الدور الأول in Sheraton . Aqarmap,Heliopolis - Masr El Gedida,13000.0,Sheraton,120,2,1,Normal,3,108.33
https://aqarmap.com.eg/en/listing/6884963-for-rent-cairo-new-cairo-90th-street-south-teseen-st/,Finished apartment for rent in Fifth Settlement in Southern 90th St. . Aqarmap,New Cairo - 5th Settlemet,22000.0,Southern 90th St.,200,3,2,Luxury,5,110.0
https://aqarmap.com.eg/en/listing/6817273-for-rent-cairo-badr-city-hai-el-safwa-second-neighborhood-first-neighborhood-central-st/,"Spacious 3-Bedroom Apartment in El Safwa, Badr City – Extra Super Lux Finish in Central St. . Aqarmap",Badr City,14000.0,Central St.,130,3,1,Normal,4,107.69
https://aqarmap.com.eg/en/listing/6884851-for-rent-cairo-new-cairo-compounds-kmbwnd-fyldj-jyt-blm-hylz/,furnished penthouse 210m rent Village Gate Palm Hills New Cairo in Village Gate Compound - Palm Hills . Aqarmap,New Cairo - 5th Settlemet,65000.0,Village Gate Compound - Palm Hills,210,3,3,Luxury,6,309.52
https://aqarmap.com.eg/en/listing/6884735-for-rent-cairo-new-cairo-el-narges-el-narges-omarat-street-79/,For rent - Apartment 150 M² Super lux in Street 79 . Aqarmap,New Cairo - 5th Settlemet,27000.0,Street 79,150,3,2,Luxury,5,180.0
https://aqarmap.com.eg/en/listing/6884734-for-rent-cairo-new-cairo-el-diplomaseen/,For rent - دوبلكس 420 M² Super lux in Diplomats . Aqarmap,New Cairo - 5th Settlemet,40000.0,Diplomats,420,4,3,Luxury,7,95.24
https://aqarmap.com.eg/en/listing/6884672-for-rent-cairo-el-mohandesen-shr-lbnn/,Apartment Super lux For rent in Lebanon St in Lebanon St . Aqarmap,El Mohadesee,45000.0,Lebanon St,220,3,2,Luxury,5,204.55
https://aqarmap.com.eg/en/listing/6884755-for-rent-cairo-new-cairo-el-banafsg-el-banafsag-3/,استديو للايجار فاضي في البنفسج 3 فيلات in El Banafsag 3 . Aqarmap,New Cairo - 5th Settlemet,15000.0,El Banafsag 3,75,1,1,Normal,2,200.0
https://aqarmap.com.eg/en/listing/6884962-for-rent-cairo-new-cairo-compounds-hyde-park-centre-ville-hyde-park/,ستوديو مفروش للايجار ب هايد بارك in Centre Ville - Hyde Park Compound . Aqarmap,New Cairo - 5th Settlemet,35000.0,Centre Ville - Hyde Park Compound,88,2,1,Luxury,3,397.73
https://aqarmap.com.eg/en/listing/6884949-for-rent-cairo-new-cairo-compounds-villette-vy-ryzydns-villette/,ستوديو فى ڤي ريزيدنس - فيليت 40 متر² اكسترا سوبر لوكس للإيجار in V Residence - Villette . Aqarmap,New Cairo - 5th Settlemet,45000.0,V Residence - Villette,40,1,1,Luxury,2,1125.0
https://aqarmap.com.eg/en/listing/6884626-for-rent-cairo-new-cairo-compounds-mwntn-fyw-y-syty-club-park-mountain-view-icity/,شقه للايجار بكمبوند ماونتن فيو اي سيتي التجمع الخامس in Club Park - Mountain View iCity Compound . Aqarmap,New Cairo - 5th Settlemet,25000.0,Club Park - Mountain View iCity Compound,170,3,2,Luxury,5,147.06
https://aqarmap.com.eg/en/listing/6882371-for-rent-cairo-new-cairo-compounds-mwn-ryzydns-lmrsm-llttwyr/,شقه للايجار بالمطبخ والتكييفات في المراسم in Moon Residence - Al Marasem . Aqarmap,New Cairo - 5th Settlemet,60000.0,Moon Residence - Al Marasem,250,3,3,Luxury,6,240.0
https://aqarmap.com.eg/en/listing/6884616-for-rent-cairo-new-cairo-compounds-smrt-lyf-y-sy-jrwb/,شقه فاخره للايجار كمبوند سمارت لايف عند الجامعة الأمريكية in Smart Life Compound - IC . Aqarmap,New Cairo - 5th Settlemet,35000.0,Smart Life Compound - IC,170,2,2,Luxury,4,205.88
https://aqarmap.com.eg/en/listing/6884478-for-rent-cairo-new-cairo-compounds-the-square/,Apartment in The Square Compound - Sabbour 165 M² Extra super lux For rent in The Square Compound - Sabbour . Aqarmap,New Cairo - 5th Settlemet,35000.0,The Square Compound - Sabbour,165,3,3,Luxury,6,212.12
https://aqarmap.com.eg/en/listing/6884710-for-rent-cairo-new-cairo-compounds-hyde-park-centre-ville-hyde-park/,Fully furnished duplex 234m for rent in Hyde Park in Centre Ville - Hyde Park Compound . Aqarmap,New Cairo - 5th Settlemet,75000.0,Centre Ville - Hyde Park Compound,234,3,3,Luxury,6,320.51
https://aqarmap.com.eg/en/listing/6884507-for-rent-cairo-new-cairo-compounds-galleria-moon-valley-compound-arabia/,Excellent apartment for rent in Galleria Moon Valley Compound in Galleria Moon Valley Compound - Arabia . Aqarmap,New Cairo - 5th Settlemet,60000.0,Galleria Moon Valley Compound - Arabia,168,3,2,Luxury,5,357.14
https://aqarmap.com.eg/en/listing/6884657-for-rent-cairo-new-cairo-llwts-ljdyd/,Apartment 190 M² Extra super lux in New Lotus in New Lotus . Aqarmap,New Cairo - 5th Settlemet,23000.0,New Lotus,190,3,3,Luxury,6,121.05
